{"cameraMode":{"drawMode":0,"name":"Shaded","section":"Shading Mode"},"sceneLighting":false,"audioPlay":false,"sceneViewState":{"m_AlwaysRefresh":false,"showFog":false,"showSkybox":false,"showFlares":true,"showImageEffects":true,"showParticleSystems":true,"showVisualEffectGraphs":true,"m_FxEnabled":true},"in2DMode":false,"pivot":{"x":-0.025007247924804689,"y":5.501916408538818,"z":-0.03291449695825577},"rotation":{"x":0.25781023502349856,"y":-0.04143236204981804,"z":0.011068019084632397,"w":0.965247392654419},"size":2.1582446098327638,"orthographic":false}