{"cameraMode":{"drawMode":0,"name":"Shaded","section":"Shading Mode"},"sceneLighting":false,"audioPlay":false,"sceneViewState":{"m_AlwaysRefresh":false,"showFog":false,"showSkybox":false,"showFlares":true,"showImageEffects":true,"showParticleSystems":true,"showVisualEffectGraphs":true,"m_FxEnabled":true},"in2DMode":false,"pivot":{"x":0.36500000953674319,"y":1.1729999780654908,"z":0.8209999799728394},"rotation":{"x":0.13131757080554963,"y":-0.5751641392707825,"z":0.09418155252933502,"w":0.801935076713562},"size":1.4660253524780274,"orthographic":false}