{"cameraMode":{"drawMode":0,"name":"Shaded","section":"Shading Mode"},"sceneLighting":false,"audioPlay":false,"sceneViewState":{"m_AlwaysRefresh":false,"showFog":false,"showSkybox":false,"showFlares":true,"showImageEffects":true,"showParticleSystems":true,"showVisualEffectGraphs":true,"m_FxEnabled":true},"in2DMode":false,"pivot":{"x":-0.6082230806350708,"y":0.7316895723342896,"z":0.6523785591125488},"rotation":{"x":0.19329819083213807,"y":0.0682280957698822,"z":-0.01347405556589365,"w":0.9786765575408936},"size":3.5660250186920168,"orthographic":false}